6,"['BTS', 'Lights', 'BoyWithLove']"
59,"['MAMAVOTE', 'bts']"
74,"['BTS', 'Lights', 'BoyWithLove']"
111,"['BTS', 'ジョングク']"
112,"['TillNextTimeJimtober', 'JIMIN', '지민', '괜찮아사랑해', 'BTS', '방탄소년단']"
117,"['bts', 'MAMAVOTE']"
126,"['2019MAMA', 'MAMA', 'MnetAsianMusicAwards', '防弾少年団', 'BTS']"
137,"['MAMAVOTE', 'bts']"
149,"['BTSLoveMyself', 'BTS', '방탄소년단']"
166,"['MAMAVOTE', 'bts']"
175,"['MAMAVOTE', 'bts']"
180,"['ARMYさんと繋がりたい', 'ARMYと繋がりたい']"
214,"['MAMAVOTE', 'bts']"
220,"['BTS', 'Lights', 'BoyWithLove']"
227,"['MAMAVOTE', 'bts']"
231,"['MAMAVOTE', 'bts']"
237,"['JIMIN', 'BTS']"
247,"['MAMAVOTE', 'bts']"
264,"['BTS', 'Lights', 'BoyWithLove']"
293,"['MAMAVOTE', 'BTS']"
303,"['バンタン', 'BTSで妄想R18']"
308,"['슈가', 'SUGA', 'BTS']"
309,"['bts', '방탄소년단', 'Jhope', 'jhope', '정호석', '호석', '제이홉']"
312,"['RM', 'JIN', 'LOVEMYSELF']"
322,"['BTS', 'Lights', 'BoyWithLove']"
338,"['MAMAVOTE', 'bts']"
356,"['지민', 'JIMIN', '방탄소년단', 'BTS']"
362,"['bts', 'BTS_LY_SY_FINAL']"
365,"['MAMAVOTE', 'bts']"
440,"['MAMAVOTE', 'bts']"
454,"['MAMAVOTE', 'BTS']"
455,"['MAMAVOTE', 'BTS']"
457,"['MAMAVOTE', 'BTS']"
500,['btsで妄想']
536,"['BTS', '방탄소년단진', '방탄진', 'JIN', '진', '석진', 'SEOKJIN', '김석진']"
584,"['V', 'taehyung', 'bts']"
617,"['BTS', 'バンタン', '방탄소년단', '防弾少年団', 'ARMY', 'ジミン', 'JIMIN', '지민', 'MakeItRights']"
625,"['MAMAVOTE', 'bts']"
667,"['MAMAVOTE', 'BTS']"
675,"['MAMABOTE', 'bts']"
701,"['방탄소년단', 'BTS']"
759,"['BTS', 'BTS好きな人と繋がりたい', 'TWICE', 'TWICE好きな人と繋がりたい']"
768,"['JIMIN', 'BTS']"
772,"['MAMAVOTE', 'bts']"
792,"['JIMIN', 'BTS']"
800,"['MAMAVOTE', 'bts']"
846,"['MAMAVOTE', 'bts']"
885,['BTS']
894,"['지민', 'JIMIN', '방탄소년단', 'BTS']"
922,"['MAMAVOTE', 'BTS']"
924,"['バリはや', 'BTS']"
994,['btsで妄想']
1000,['bts']
1007,"['MAMAVOTE', 'bts']"
1008,"['MAMAVOTE', 'bts']"
1029,"['MAMAVOTE', 'bts']"
1039,"['btsペンミグッズ', 'ペンミ代行', 'ペンミグッズ代行']"
1099,"['MAMAVOTE', 'bts']"
1163,"['BTSLoveMyself', 'BTS', '방탄소년단', 'JIMIN', '꾹']"
1178,"['MAMAVOTE', 'bts']"
1212,"['정국', '지민', 'JK', 'JM']"
1216,"['MAMAVOTE', 'bts']"
1239,"['2019MAMA', '방탄소년단', 'BTS', 'BTS']"
1433,"['방탄소년단', 'BTS']"
1477,"['2019MAMA', 'MAMA', 'MnetAsianMusicAwards']"
1532,"['2019MAMA', 'MAMA', 'MnetAsianMusicAwards']"
1547,"['방탄소년단', 'BTS']"
1564,"['2019MAMA', 'MAMA', 'MnetAsianMusicAwards']"
1597,"['BTS', '大人アミ']"
1650,"['2019MAMA', 'MAMA', 'MnetAsianMusicAwards']"
1665,"['뷔', 'V', 'taehyung', '태형', '김태형', '태태', '방탄소년단', 'BTS']"
1681,"['MAMAVOTE', 'BTS']"
1696,"['bts', 'BTS']"
1710,"['MAMAVOTE', 'bts']"
1796,"['BTS', '정국', 'JUNGKOOK']"
1810,"['AMAs', 'MAMA']"
1849,"['2019MAMA', 'MAMA', 'MnetAsianMusicAwards']"
1858,"['JIMIN', 'BTS']"
1870,"['BTS', 'MAMAVOTE']"
1908,['BTS']
1969,['BTS']
2113,"['MAMAVOTE', 'bts']"
2247,"['MAMAVOTE', 'bts']"
2313,"['MAMAVOTE', 'bts']"
2318,"['BTS', '방탄소년단', '윤기', '슈가', '민윤기', 'SUGA']"
2325,"['MAMAVOTE', 'bts']"
2353,['BTS']
2373,['BTS']
2403,"['MAMAVOTE', 'bts', 'RM', '방탄소년단']"
2434,"['BTS', 'MAMAVOTE']"
2450,"['MAMAVOTE', 'bts']"
2460,"['MAMAVOTE', 'BTS']"
2482,['BTS']
2507,"['被害者になりたい', '謝罪と賠償', '韓国', '韓流', '韓国ドラマ', 'KPOP', 'BIGBANG', 'BTS', '防弾少年団', 'TWICE', '新大久保']"
2553,"['BTS', '防弾少年団', 'バンタン']"
2573,"['정국', 'JUNGKOOK', 'BTS']"
2577,['BTS']
2586,['BTS']
2688,"['지민', 'JIMIN', '방탄소년단', 'BTS']"
2750,['BTS']
2819,['BTS']
2998,['BTS']
3018,"['TBT', 'BTS', 'CriminalMinds', 'ThomasGibson']"
3068,"['MAMAVOTE', 'bts']"
3200,"['MAMAVOTE', 'bts']"
3219,"['SUGA', '슈가', 'BTS']"
3271,"['BTS', 'Lights', 'BoyWithLove']"
3399,"['2019MAMA', 'MAMA', 'MnetAsianMusicAwards']"
3412,"['JIMIN', 'BTS']"
3459,"['MAMAVOTE', 'bts']"
3542,"['MAMAVOTE', 'bts']"
3550,"['방탄소년단', 'BTS', '김남준', 'RM', 'NAMJOON']"
3576,['JINを尊ぶ会']
3610,"['MAMAVOTE', 'BTS']"
3659,['BTS']
3744,"['2019MAMA', 'MAMAVOTE', 'bts']"
3756,"['MAMAVOTE', 'bts']"
3758,"['MAMAVOTE', 'BTS']"
3788,"['2019MAMA', 'MAMA', 'MnetAsianMusicAwards']"
3810,['BTS']
3814,"['MAMAVOTE', 'bts']"
3887,['BTS']
3957,"['BTSチケット', 'ペンミ', 'BTS買取', 'BTSペンミ']"
3958,"['2019MAMA', '방탄소년단', 'BTS', 'BTS']"
4017,"['BTS', 'Lights', 'BoyWithLove']"
4097,['BTS']
4198,"['MAMAVOTE', 'BTS']"
4211,"['BTS', 'Lights', 'BoyWithLove']"
4219,"['방탄소년단', '제이홉', '치킨누들스프', 'bts', 'jhope', 'ChickenNoodleSoup']"
4278,"['halloween2019', 'happpyhalloween', 'BTS']"
4307,['BTS']
4362,"['MAMAVOTE', 'bts']"
4384,"['BTS', 'Lights', 'BoyWithLove']"
4405,"['2019MAMA', 'MAMA', 'MnetAsianMusicAwards']"
4547,"['윤기', 'SUGA', 'BTS']"
4557,['BTS']
4577,"['정국', '지민', 'JK', 'JM']"
4674,['BTS']
4798,"['BTS', '방탄소년단', 'JIMIN', '지민']"
4800,"['BTS', 'Lights', 'BoyWithLove']"
4809,"['MAMAVOTE', 'bts']"
4879,"['現地販売', 'スローガン', 'bts', '現地受領', 'SYSFINAL']"
4921,['BTS']
4943,"['MAMAVOTE', 'bts']"
4947,"['방탄소년단', '빅히트엔터테인먼트', '유니세프한국위원회', 'BTS']"
5031,"['MAMA2019', 'MAMAVOTE', 'bts']"
5086,"['MAMAVOTE', 'bts']"
5095,"['MAMAVOTE', 'bts']"
5132,"['MAMAVOTE', 'BTS']"
5233,"['태형', '김태형', '태태', '뷔', 'Taehyung', 'V', '방탄소년단', 'BTS']"
5247,['BTS']
5249,"['mattelbts', 'matteldoll']"
5290,"['JIMIN', 'BTS', '지민', '방탄소년단', 'BTSSPEAKYOURSELFTOURFINAL', 'TillNextTimeJimtober', 'JIMINinlove', 'JIMIN사랑해']"
5313,"['MAMAVOTE', 'bts']"
5374,"['MAMAVOTE', 'bts']"
5530,['BTS']
5613,"['MAMAVOTE', 'bts']"
5683,"['halloween2019', 'happpyhalloween', 'BTS']"
5717,"['MAMAVOTE', 'BTS']"
5762,"['AMAs', 'GrupoDoAno']"
5772,"['태형', '김태형', '태태', '뷔', 'Taehyung', 'V', '방탄소년단', 'BTS']"
5943,"['2019MAMA', 'MAMA', 'MnetAsianMusicAwards']"
6018,"['BTS', 'lemona']"
6034,"['방탄소년단', '빅히트엔터테인먼트', '유니세프한국위원회', 'BTS']"
6062,"['BTS', 'JIMIN']"
6072,['BTS']
6088,"['MAMAVOTE', 'BTS']"
6096,"['MAMAVOTE', 'BTS']"
6162,"['JIMIN', 'BTS']"
6166,"['MAMAVOTE', 'BTS']"
6178,"['bts', 'kpop', '韓国']"
6269,['BTS']
6275,"['방탄소년단', 'BTS']"
6322,['BTS']
6338,"['MAMAVOTE', 'bts']"
6358,"['BTS', 'Lights', 'BoyWithLove']"
6403,['BTS']
6407,"['방탄소년단', '빅히트엔터테인먼트', '유니세프한국위원회', 'BTS']"
6419,['BTS']
6443,"['BTS', '방탄소년단', 'SUGA', '슈가', '윤기', '민윤기']"
6488,"['제이홉', 'Jhope', '정호석', 'Hoseok', 'BTS', '방탄소년단', '防彈少年團']"
6489,"['방탄소년단', '빅히트엔터테인먼트', '유니세프한국위원회', 'BTS']"
6490,['BTS']
6495,"['BTS', 'BT21', 'JK', 'COOKY', 'JOOKY', 'IAN']"
6535,['UKArmy']
6590,"['정호석', '제이홉', 'JHOPE', '박지민', '지민', 'JIMIN', '방탄소년단', 'BTS']"
6605,['BTS']
6622,"['JIMIN', 'BTS']"
6623,['bts']
6646,"['BTS_LY_SY_FINAL', '방탄소년단', 'BTS', '태형', '뷔', 'V', 'TAEHYUNG']"
6655,"['BTS', 'Lights', 'BoyWithLove']"
6737,"['MAMAVOTE', 'bts']"
6751,['BTS']
6768,"['MAMAVOTE', 'bts']"
6777,"['뷔', 'V', 'taehyung', '태형', '김태형', '태태', '방탄소년단', 'BTS', '防弾少年団', 'BTSV']"
6817,"['BTS', 'lemona']"
6828,"['bts', '嵐', '交換', '譲', '求', 'チケ']"
6866,['BTS']
6926,"['bts', 'MAMAVOTE']"
6934,"['MAMAVOTE', 'bts']"
6961,"['BTS', 'KPOP', 'ダンスサークル', 'コピユニ']"
7050,"['지민', 'JIMIN', 'BTS', '방탄소년단']"
7056,"['MAMAVOTE', 'BTS']"
7062,"['MAMAVOTE', 'bts']"
7080,"['방탄소년단', 'BTS']"
7089,"['MAMAVOTE', 'BTS']"
7127,"['MAMAVOTE', 'bts']"
7154,"['JIMIN', 'BTS']"
7163,"['BTS', 'Lights', 'BoyWithLove']"
7170,"['방탄소년단', '빅히트엔터테인먼트', '유니세프한국위원회', 'BTS']"
7198,['BTS']
7199,"['MAMAVOTE', 'bts']"
7285,"['MAMAVOTE', 'bts']"
7292,"['MAMAVOTE', 'bts']"
7361,"['MAMA', 'BTS', 'チケット']"
7384,"['BTS', 'Jungkook', 'Euphoria']"
7445,"['MAMAVOTE', 'BTS']"
7493,"['2019MAMA', 'MAMA', 'MnetAsianMusicAwards']"
7531,"['MAMAVOTE', 'bts']"
7689,"['방탄소년단', 'BTS']"
7741,['BTS']
7835,"['BTS', '防弾少年団', '방탄소년단', 'JHOPE', '제이홉']"
7836,"['LoveYourselfForever', 'ZIP', 'BTS']"
7865,"['방탄소년단', '빅히트엔터테인먼트', '유니세프한국위원회', 'BTS']"
7905,['BTS']
7919,"['MAMAVOTE', 'bts']"
7968,"['정국', '지민', 'JK', 'JM']"
7970,"['방탄소년단', '빅히트엔터테인먼트', '유니세프한국위원회', 'BTS']"
7994,"['MAMAVOTE', 'bts']"
8011,['BTS']
8118,['BTS']
8140,"['MAMAVOTE', 'bts']"
8206,"['MAMAVOTE', 'BTS']"
8217,"['韓国', '韓流', '韓国ドラマ', 'KPOP', 'BIGBANG', 'BTS', '防弾少年団', 'TWICE', '新大久保']"
8235,"['鉛筆画', 'BTS', 'btsfanart', 'jin']"
8250,['BTS']
8330,"['ARMY', 'BTS']"
8351,"['BTSSPEAKYOURSELFTOURFINAL', 'BTS', '방탄소년단']"
8388,"['MAMAVOTE', 'bts']"
8407,"['MAMAVOTE', 'bts']"
8424,['BTS']
8432,"['MAMAVOTE', 'bts']"
8443,"['防弾少年団', 'VTXBTS', 'LATELIER', 'ラトリエ', 'atone']"
8461,"['btsグッズ交換', 'btsグッズ', 'btsグッズ譲']"
8483,['BTS']
8606,"['MAMAVOTE', 'BTS']"
8724,"['MAMA', 'BTS', 'チケット']"
8788,"['2019MAMA', 'MAMA', 'MnetAsianMusicAwards', '防弾少年団', 'BTS']"
8839,['BTS']
8840,"['Toughlikethetoonz', 'BTS']"
8872,"['뷔', 'BTSV', '태형', 'TAEHYUNG', '방탄소년단', 'BTS']"
8904,"['방탄소년단', 'BTS']"
8909,"['뷔', 'V', 'taehyung', '태형', '김태형', '태태', '방탄소년단', 'BTS', '防弾少年団', 'BTSV']"
8937,"['방탄소년단', '빅히트엔터테인먼트', '유니세프한국위원회', 'BTS']"
8956,"['花郎', 'ハンソン', 'bts', 'テテ']"
8996,"['MAMA', 'BTS', 'チケット']"
9041,"['정국', '방탄소년단', 'BTS', 'JUNGKOOK']"
9057,"['방탄소년단', '빅히트엔터테인먼트', '유니세프한국위원회', 'BTS']"
9090,"['Ari加工', 'BTS', 'カレンダー', 'ネットプリント']"
9117,"['방탄소년단', '제이홉', '치킨누들스프', 'bts', 'jhope', 'ChickenNoodleSoup']"
9139,"['JUNGKOOK', 'BTS', '防弾少年団']"
9147,"['MAMA', 'BTS', 'チケット']"
9161,"['MAMAVOTE', 'BTS']"
9172,"['MAMAVOTE', 'BTS']"
9175,"['뷔', 'V', 'taehyung', '태형', '김태형', '태태', '방탄소년단', 'BTS', '防弾少年団', 'BTSV']"
9249,"['MAMAVOTE', 'bts']"
9251,"['정국', 'JUNGKOOK', '방탄소년단', 'BTS']"
9268,['BTS']
9284,"['뷔', '김태형', 'BTSV', '슈가', '민윤기', 'SUGA', 'BTS']"
9311,"['BTSInOsaka', 'BTS']"
9321,"['speakyourselfthefinal', 'BTS_SY_FINAL', 'LoveYourselfSpeakYourself', 'JIN', 'BTS', '김석진']"
9340,"['speakyourselfthefinal', 'BTS_SY_FINAL', 'LoveYourselfSpeakYourself', 'JIN', 'BTS', '김석진']"
9420,"['BTS', 'JUNGKOOK']"
9452,"['MAMAVOTE', 'bts']"
9455,"['mma', 'bts', 'MelOnMusicAwards', 'ticket', '代行']"
9507,"['BTS', 'lemona']"
9520,"['MAMA', 'BTS', 'チケット']"
9620,"['방탄소년단', 'BTS']"
9625,"['방탄소년단', 'BTS', '지민', 'JIMIN']"
9640,"['MAMAVOTE', 'bts']"
9695,"['MAMAVOTE', 'bts']"
9716,"['MAMAVOTE', 'BTS']"
9734,"['防弾少年団', 'BTS', 'バンタン', 'ジミン', 'シュガ', 'ジョングク', 'テテ', 'ピアス', 'BTSライブグッズ', 'ライブグッズ']"
9745,"['MAMA', 'BTS', 'チケット']"
9748,"['MAMAVOTE', 'BTS']"
9753,"['MAMAVOTE', 'bts']"
9754,"['MAMAVOTE', 'BTS']"
9771,"['MAMA', 'BTS', 'チケット']"
9776,['RT']
9810,"['ロック画面', '壁紙', 'カレンダー']"
9811,"['BTS', '防弾少年団']"
9823,"['방탄소년단', '뷔', '태형', 'BTS', 'BTSV', 'TAEHYUNG']"
9880,"['MAMAVOTE', 'bts']"
9892,"['BTS', 'Lights', 'BoyWithLove']"
9897,"['MAMAVOTE', 'bts']"
9911,"['방탄소년단', 'BTS', '슈가', 'SUGA', '윤기']"
9920,"['BTS', '방탄소년단']"
9934,"['BTS', 'lemona']"
9946,"['방탄소년단', '빅히트엔터테인먼트', '유니세프한국위원회', 'BTS']"
9955,"['MAMAVOTE', 'BTS']"
9970,"['BTS', 'Lights', 'BoyWithLove']"
9981,"['MAMAVOTE', 'bts']"
9984,"['태형', '김태형', '태태', '뷔', 'Taehyung', 'V', '방탄소년단', 'BTS']"
10000,"['MAMAVOTE', 'bts']"
10022,"['bts', 'MAMAVOTE']"
10038,"['BTS', 'lemona']"
10043,['ソンムル企画']
10068,"['MAMAVOTE', 'BTS']"
10072,"['BTS', 'RTしたARMY全員フォローする', 'BTSで妄想']"
10083,"['MAMA', 'BTS', 'チケット']"
10116,"['ARMYさんと繋がりたい', 'BTS好きな人と繋がりたい']"
10121,"['MAMAVOTE', 'bts']"
10129,"['MAMA', 'BTS', 'チケット']"
10138,"['MAMAVOTE', 'bts']"
10140,['BTS']
10145,"['정국', 'JUNGKOOK', 'JK', '뷔', 'V', 'TAEHYUNG', '태형', 'VKOOK', 'KOOKV', '국뷔']"
10168,"['MAMAVOTE', 'bts']"
10170,"['BTS', 'JUNGKOOK']"
10188,"['MAMAVOTE', 'bts']"
10206,"['MAMAVOTE', 'bts']"
10225,"['BTS', 'Lights', 'BoyWithLove']"
10227,"['MAMAVOTE', 'bts']"
10302,"['정국', 'JUNGKOOK', 'JK', '방탄소년단', 'BTS_SY_FANAL', 'MAMAVOTE', 'BTS']"
10308,"['BTS', 'Lights', 'BoyWithLove']"
10340,"['MAMA', 'BTS', 'チケット']"
10346,"['MAMAVOTE', 'BTS']"
10464,"['BTS', '방탄소년단', 'MakeItRight']"
10469,"['BTS', '방탄소년단', 'MakeItRight']"
10490,"['MAMAVOTE', 'BTS']"
10502,"['BTS', '방탄소년단', 'MakeItRight']"
10509,"['BTS', '방탄소년단', 'MakeItRight']"
10640,"['MAMAVOTE', 'bts']"
10701,"['방탄소년단', 'BTS']"
10706,"['방탄소년단', 'BTS', '방탄소년단뷔', '김태형', '태형', '뷔', 'KimTaehyung', 'Taetae', 'V']"
10758,"['MAMA', 'BTS', 'チケット']"
10779,['BTS']
10786,"['BTS', '방탄소년단', 'MakeItRight']"
10806,"['MAMAVOTE', 'bts']"
10820,"['MAMAVOTE', 'bts']"
10838,"['BTS', '방탄소년단']"
10890,"['MAMA', 'BTS', 'チケット']"
10911,"['BTS', '防弾少年団']"
10954,"['방탄소년단', '빅히트엔터테인먼트', '유니세프한국위원회', 'BTS']"
10966,['JINを尊ぶ会']
10998,"['방탄소년단', '빅히트엔터테인먼트', '유니세프한국위원회', 'BTS']"
11137,"['BTS', 'Lights', 'BoyWithLove']"
11161,"['MMA2018bts', 'BTS']"
11190,"['JIMIN', 'JUNGKOOK', '지민', '정국', 'KOOKMIN', 'JIKOOK', '국민', 'BTS', '방탄소년단']"
11194,"['MAMA', 'BTS', 'チケット']"
11203,"['MAMA', 'BTS', 'チケット']"
11204,"['MAMAVOTE', 'bts']"
11218,"['MAMAVOTE', 'bts']"
11230,"['BTS', '防弾少年団']"
11265,"['BTS加工', 'bts加工', 'BTS壁紙', 'bts壁紙']"
11330,"['BTS', '防弾少年団']"
11332,"['BTS', 'JIMIN', '지민']"
11440,"['MAMAVOTE', 'BTS']"
11505,"['MAMAVOTE', 'bts', 'AMAs']"
11508,"['BTS', 'Lights', 'BoyWithLove']"
11565,"['방탄소년단', '빅히트엔터테인먼트', '유니세프한국위원회', 'BTS']"
11574,"['MAMA', 'BTS', 'チケット']"
11591,"['AAA2019', 'bts', 'ARMY']"
11596,"['MAMAVOTE', 'bts']"
11603,"['MAMAVOTE', 'BTS']"
11654,"['방탄소년단', 'BTS']"
11693,"['MAMAVOTE', 'bts']"
11696,"['BTS', '防弾少年団', '2019MAMA', 'kpop']"
11768,"['방탄소년단', 'BTS', 'V', '뷔', 'テテ', 'TAEHYUNG', '태형']"
11781,"['MAMAVOTE', 'BTS']"
11784,"['방탄소년단', '방탄', 'BTS', 'JHOPE', 'hobi', '제이홉', '호비', '정호석']"
11787,"['MAMAVOTE', 'bts']"
11792,"['BTS', '방탄소년단', 'MakeItRight']"
11818,"['BTS', '방탄소년단', 'MakeItRight']"
11878,"['MAMAVOTE', 'bts']"
11929,"['BTS', '방탄소년단', 'MakeItRight']"
11944,['JIN']
11991,"['MAMAVOTE', 'BTS']"
12004,"['MAMAVOTE', 'bts']"
12015,"['BTS', '防弾少年団']"
12027,"['MAMAVOTE', 'bts']"
12030,"['BTS', '防弾少年団']"
12050,"['방탄소년단', 'BTS']"
12052,['BTS']
12053,"['MAMA', 'BTS', 'チケット']"
12072,"['BTS', 'JUNGKOOK']"
12073,"['BTS加工', 'ロック画面', 'btswallpapers', 'btslockscreen']"
12091,"['bts', 'bts壁紙']"
12101,"['BTS', '방탄소년단', 'MakeItRight']"
12132,['BTS']
12142,"['제이홉', 'Jhope', '정호석', 'Hoseok', 'BTS', '방탄소년단', '防彈少年團']"
12147,"['halloween2019', 'happpyhalloween', 'BTS']"
12161,"['BTSLoveMyself', 'BTS', '방탄소년단', 'JIMIN', '꾹']"
12208,"['MAMAVOTE', 'bts']"
12210,"['방탄소년단', '빅히트엔터테인먼트', '유니세프한국위원회', 'BTS']"
12232,['BTS']
12251,"['BTS加工', 'bts加工', 'BTS壁紙', 'bts壁紙']"
12253,"['大人army', 'ユンギペン', 'ARMYさんと繋がりたい', 'BTS好きな人と繋がりたい', 'いいねRTしてください']"
12283,"['JIMIN', 'BTS']"
12303,"['AMAs', 'MAMAVOTE', 'bts']"
12314,"['MAMAVOTE', 'bts']"
12319,"['AMAs', 'MAMAVOTE', 'bts']"
12381,"['oha4', 'BTS']"
12382,"['BTS加工', 'bts配布']"
12388,"['MAMAVOTE', 'bts']"
12394,"['JIMIN', 'BTS']"
12429,"['MAMAVOTE', 'BTS']"
12445,"['キムソクジン', 'iHeartAwards', 'BestFanArmy', 'BTSARMY']"
12467,"['ThankyouJIN', 'ThankyouBTS']"
12501,"['MAMAVOTE', 'bts']"
12524,"['방탄소년단', '빅히트엔터테인먼트', '유니세프한국위원회', 'BTS']"
12527,['BTS']
12550,"['MAMA', 'BTS', 'チケット']"
12585,"['BTS加工', 'ARMY', 'BTS', 'ロック画面配布', '拡散希望️']"
12608,"['JIMIN비타민요정큐티', 'JIMIN내입으로송', 'TillNextTimeJimtober', '지민', 'JIMIN']"
12618,"['ロック画面', '壁紙', 'カレンダー']"
12650,"['MAMAVOTE', 'bts']"
12714,"['BTS', '방탄소년단', 'MakeItRight']"
12719,"['MAMAVOTE', 'bts']"
12753,"['방탄소년단뷔', 'BTSV', 'V', '김태형', 'TAEHYUNG', '방탄소년단', 'BTS']"
12766,"['BTS', 'taehyung']"
12775,"['speakyourselfthefinal', 'BTS_SY_FINAL', 'LoveYourselfSpeakYourself', 'JIN', 'BTS', '김석진']"
12802,"['MAMAVOTE', 'BTS']"
12807,"['BTS티트리', '트루리얼진정팩']"
12821,"['MAMAVOTE', 'bts']"
12823,"['방탄소년단', '빅히트엔터테인먼트', '유니세프한국위원회', 'BTS']"
12836,"['MAMAVOTE', 'bts']"
12840,"['MAMA', 'BTS', 'チケット']"
12845,"['BTSコーヒー', 'ホットブリュー', 'ARMY', 'BTS']"
12846,"['방탄소년단', 'BTS']"
12867,"['MAMAVOTE', 'bts']"
12868,"['MAMAVOTE', 'bts']"
12887,"['BTS', '防弾少年団', 'バンタン', 'グク', 'ジョングク', 'JUNGKOOK', 'Overwatch']"
12909,"['MAMAVOTE', 'bts']"
12973,"['bts', '방탄소년단', 'Jhope', 'jhope', '정호석', '호석', '제이홉']"
12976,"['MAMAVOTE', 'bts']"
12989,"['MAMAVOTE', 'BTS']"
12994,"['bts', 'bts壁紙']"
13029,"['윤기', 'SUGA', 'BTS']"
13076,"['エムオン', '防弾少年団', 'BTS']"
13080,"['speakyourselfthefinal', 'BTS_SY_FINAL', 'LoveYourselfSpeakYourself', 'JIN', 'BTS', '김석진']"
13131,"['MAMAVOTE', 'bts']"
13137,['BTS']
13174,"['BTS', '방탄소년단', 'MakeItRight']"
13180,"['JIN', '김석진', 'BTS', '에피파니_1위를축하해', '방탄소년단진', '방탄진', '방탄소년단']"
13234,"['태형', '김태형', '태태', '뷔', 'Taehyung', 'V', '진', 'JIN', 'taejin', 'BTS']"
13240,"['BTS', 'プレゼント企画', '拡散希望']"
13246,"['MAMAVOTE', 'BTS']"
13260,"['大阪', 'BTS', 'ペンミ', '無料配布']"
13280,"['MAMAVOTE', 'BTS']"
13287,"['MAMAVOTE', 'BTS', '방탄소년단']"
13296,"['BTSコーヒー', 'ホットブリュー', 'ARMY', 'BTS']"
13301,"['BTS', '방탄소년단', 'MakeItRight']"
13317,"['MAMAVOTE', 'bts']"
13343,"['JHope', '제이홉', '정호석', '호비', 'BTS', '방탄소년단']"
13346,"['뷔', 'V', 'taehyung', '태형', '김태형', '태태', '방탄소년단', 'BTS', '防弾少年団', 'BTSV']"
13360,"['정국', 'JUNGKOOK', 'BTS']"
13383,"['MAMAVOTE', 'BTS']"
13397,['BTS']
13522,"['뷔', 'V', 'taehyung', '태형', '김태형', '태태', '방탄소년단', 'BTS', '防弾少年団', 'BTSV']"
13606,"['방탄소년단', 'BTS', '지민', 'JIMIN', 'JM', '태형', 'V']"
13614,"['BTSコーヒー', 'ホットブリュー', 'ARMY', 'BTS']"
13632,"['アサデス', 'BTS', '방탄소년단', '防弾少年団', 'バンタン']"
13644,"['バンタン', 'ARMYさんと繋がりたい']"
13647,"['BTSコーヒー', 'ホットブリュー', 'ARMY', 'BTS']"
13650,"['MAMAVOTE', 'bts']"
13682,"['MAMAVOTE', 'bts']"
13701,"['BTS', 'Lights', 'BoyWithLove']"
13710,"['PRODUCE101JAPAN', '日プ', 'プデュ', 'BTS', '방탄소년단']"
13753,"['BTS', '방탄소년단', 'MakeItRight']"
13794,"['BTS', '방탄소년단']"
13798,"['BTSソンムル企画', 'ソンムル企画']"
13820,"['MAMAVOTE', 'bts']"
13830,"['윤기', '석진', '태형', 'BTS']"
13872,"['BTS', '방탄소년단', 'MakeItRight']"
13873,"['MAMAVOTE', 'bts']"
13878,"['MAMA', 'BTS', 'チケット']"
13891,"['TAEHYUNG', 'BTS_LY_SY_FINAL', 'BTS', 'BTSソウルコン']"
13914,"['MAMAVOTE', 'bts']"
13928,"['MAMAVOTE', 'bts']"
13938,"['MAMAVOTE', 'bts']"
13960,['BTS加工']
13987,"['JIMIN', 'BTS']"
14019,"['BTS', '防弾少年団', '방탄소년단', 'ユンギ', 'SUGA']"
14023,"['CouplesCostume', 'HappyHalloween', 'BTS', 'JIMIN']"
14028,"['BTS', 'magicshop', 'ペンミ']"
14037,"['정국', '전정국', 'JUNGKOOK', 'JK', 'BTS', '방탄소년단', 'BTS_SY_FINAL', 'SPEAKYOURSELFTHEFINAL']"
14050,['BTS']
14054,['BTS']
14070,"['MAMAVOTE', 'bts']"
14093,"['방탄소년단', 'BTS', '김남준', 'RM', 'NAMJOON']"
14124,"['妨弾で妄想r18', '防弾で妄想r18', 'BTSで妄想R18']"
14134,['armyさんと猛烈に絡みたいのでRTしてくれた方フォローします']
14161,"['BTS', 'SYS', 'BT21']"
14163,"['RM', 'JIN', 'SUGA', 'JHOPE', 'JIMIN', 'V', 'JUNGKOOK', 'BTS']"
14173,"['CouplesCostume', 'HappyHalloween', 'BTS', 'JIMIN']"
14252,"['いいねした人全員フォローする', 'ARMYと繋がりたい', 'BTS']"
14359,"['방탄소년단', '빅히트엔터테인먼트', '유니세프한국위원회', 'BTS']"
14367,"['BTS', '買取', 'ファイナル']"
14383,"['MAMAVOTE', 'bts']"
14392,"['JIMIN', 'BTS']"
14434,"['BTS', '防弾少年団']"
14446,"['MAMA', 'BTS', 'チケット']"
14458,"['방탄소년단', 'BTS']"
14495,"['BTS', '防弾少年団']"
14549,"['MAMAVOTE', 'bts']"
14600,"['BTS', 'JIMIN', '지민']"
14601,"['kimtaehyung', '김태형', '태태', '뷔', 'V', '방탄소년단', 'BTS', 'SpeakYourselfTheFinal_D3']"
14632,"['BTS', '방탄소년단진', '방탄진', 'JIN', '진', '석진', 'SEOKJIN', '김석진']"
14647,"['전정국', '정국', 'JK', 'JUNGKOOK', 'BTS', '방탄소년단']"
14661,"['RM', '남준', '김남준', '방탄소년단', 'BTS', 'SOLID_RM']"
14668,"['2019MAMA', 'BTS']"
14761,"['bts', '방탄소년단', 'Jhope', 'jhope', '정호석', '호석', '제이홉']"
14848,"['BTS', 'ご迷惑をおかけしてます']"
14875,['BTS']
14897,"['KPOP', 'BTS', 'V', 'テテ', 'TAEHYUNG']"
14921,"['SUGA', '슈가', 'BTS', '방탄소년단', '민윤기', 'AgustD']"
14924,"['ftisland', 'kpop', '韓国語', 'bts', 'セブチ', 'twice', 'サイン会']"
14934,"['BTS', '防弾少年団', 'バンタン', 'SUGA', 'シュガ']"
14949,"['전정국', '정국', 'JK', 'JUNGKOOK', 'BTS', '방탄소년단']"
14954,['BTS']
14999,['bts']
15074,"['JIMIN', 'BTS']"
15087,"['방탄소년단', '빅히트엔터테인먼트', '유니세프한국위원회', 'BTS']"
15089,"['BTS', '방탄소년단', 'MakeItRight']"
15090,"['MAMAVOTE', 'bts']"
15102,"['BTS加工', 'BTS壁紙', 'btsWallpaper']"
15166,['BTS加工']
15175,"['MAMAVOTE', 'bts']"
15202,['BTS']
15249,"['정국', 'JUNGKOOK', 'BTS']"
15253,"['BTS', '방탄소년단', 'SUGA', '슈가', '민윤기', '윤기']"
15573,"['テテ', 'ジン', 'グク', 'BTS', '防衛少女', 'BTS', 'バンタン']"
15610,"['MAMA', 'BTS', 'チケット']"
15658,"['MAMA', 'BTS', 'チケット']"
15704,"['JIMIN비타민요정큐티', 'JIMIN내입으로송', 'TillNextTimeJimtober', '지민', 'JIMIN']"
15755,"['RM', 'NAMJOON', 'BTS', '김남준', '알엠', '방탄소년단']"
15781,"['JIMIN', '지민', '침침', '하튜', 'BTS', '방탄소년단']"
15886,"['JIMIN', 'BTS']"
15893,"['MAMAVOTE', 'bts']"
